{
  "parent": "item/handheld",
  "textures": {
    "layer0": "item/stone_axe"
  },
  "overrides": [
    { "predicate": { "damaged": 0,"damage": 0.000000000 }, "model": "item/stone_axe"},
    { "predicate": { "damaged": 0,"damage": 0.007633588 }, "model": "cm:sign/white"},
    { "predicate": { "damaged": 0,"damage": 0.015267176 }, "model": "cm:sign/orange"},
    { "predicate": { "damaged": 0,"damage": 0.022900763 }, "model": "cm:sign/magenta"},
    { "predicate": { "damaged": 0,"damage": 0.030534351 }, "model": "cm:sign/light_blue"},
    { "predicate": { "damaged": 0,"damage": 0.038167939 }, "model": "cm:sign/yellow"},
    { "predicate": { "damaged": 0,"damage": 0.045801527 }, "model": "cm:sign/lime"},
    { "predicate": { "damaged": 0,"damage": 0.053435115 }, "model": "cm:sign/pink"},
    { "predicate": { "damaged": 0,"damage": 0.061068702 }, "model": "cm:sign/gray"},
    { "predicate": { "damaged": 0,"damage": 0.06870229  }, "model": "cm:sign/light_gray"},
    { "predicate": { "damaged": 0,"damage": 0.076335878 }, "model": "cm:sign/cyan"},
    { "predicate": { "damaged": 0,"damage": 0.083969466 }, "model": "cm:sign/purple"},
    { "predicate": { "damaged": 0,"damage": 0.091603053 }, "model": "cm:sign/blue"},
    { "predicate": { "damaged": 0,"damage": 0.099236641 }, "model": "cm:sign/brown"},
    { "predicate": { "damaged": 0,"damage": 0.106870229 }, "model": "cm:sign/green"},
    { "predicate": { "damaged": 0,"damage": 0.114503817 }, "model": "cm:sign/red"},
    { "predicate": { "damaged": 0,"damage": 0.122137405 }, "model": "cm:sign/black"},
	
    { "predicate": { "damaged": 0,"damage": 0.770 }, "model": "cm:sign/item_frame"},
    { "predicate": { "damaged": 0,"damage": 0.778 }, "model": "cm:sign/item_frame_down"},
    { "predicate": { "damaged": 0,"damage": 0.786 }, "model": "cm:sign/item_frame_up"},
    { "predicate": { "damaged": 0,"damage": 0.793 }, "model": "cm:sign/item_frame_glass"},
    { "predicate": { "damaged": 0,"damage": 0.801 }, "model": "cm:sign/item_frame_glass_down"},
    { "predicate": { "damaged": 0,"damage": 0.809 }, "model": "cm:sign/item_frame_glass_up"},
	
    { "predicate": { "damaged": 1,"damage": 0 },     "model": "item/stone_axe"}
    ]
}