{
    "parent": "item/handheld",
    "textures": {
        "layer0": "item/wooden_axe"
    },
	"overrides": [
		{ "predicate": { "damaged": 0,"damage": 0.000000000  }, "model": "item/wooden_axe"},
		
		{ "predicate": { "damaged": 0,"damage": 0.016666667  }, "model": "cm:plant/lycoris_radiata0"},
		{ "predicate": { "damaged": 0,"damage": 0.033333333  }, "model": "cm:plant/trifolium0"},
		{ "predicate": { "damaged": 0,"damage": 0.050000000  }, "model": "cm:plant/blackthorn0"},
		{ "predicate": { "damaged": 0,"damage": 0.066666667  }, "model": "cm:plant/cattail0"},
		{ "predicate": { "damaged": 0,"damage": 0.083333333  }, "model": "cm:plant/marigold0"},
		{ "predicate": { "damaged": 0,"damage": 0.100000000  }, "model": "cm:plant/hibiscus0"},
		{ "predicate": { "damaged": 0,"damage": 0.116666667  }, "model": "cm:plant/hyacinth0"},
		{ "predicate": { "damaged": 0,"damage": 0.133333333  }, "model": "cm:plant/calamus0"},
		{ "predicate": { "damaged": 0,"damage": 0.150000000  }, "model": "cm:plant/wild_lilium0"},
		{ "predicate": { "damaged": 0,"damage": 0.166666667  }, "model": "cm:plant/bauhinia0"},
		{ "predicate": { "damaged": 0,"damage": 0.183333333  }, "model": "cm:plant/fluffy_grass0"},
		{ "predicate": { "damaged": 0,"damage": 0.200000000  }, "model": "cm:plant/gerbera0"},
		{ "predicate": { "damaged": 0,"damage": 0.216666667  }, "model": "cm:plant/esparto0"},
		{ "predicate": { "damaged": 0,"damage": 0.233333333  }, "model": "cm:plant/glow_forsythia0"},
		{ "predicate": { "damaged": 0,"damage": 0.250000000  }, "model": "cm:plant/glazed_shade0"},
		{ "predicate": { "damaged": 0,"damage": 0.266666667  }, "model": "cm:plant/stelera0"},
		{ "predicate": { "damaged": 0,"damage": 0.283333333  }, "model": "cm:plant/forage_crystal0"},
		{ "predicate": { "damaged": 0,"damage": 0.300000000  }, "model": "cm:plant/isorchid0"},
		{ "predicate": { "damaged": 0,"damage": 0.316666667  }, "model": "cm:plant/burning_chrysanthe0"},
		{ "predicate": { "damaged": 0,"damage": 0.333333333  }, "model": "cm:plant/oxalis0"},
		
		{ "predicate": { "damaged": 0,"damage": 0.350000000  }, "model": "cm:plant/lycoris_radiata1"},
		{ "predicate": { "damaged": 0,"damage": 0.366666667  }, "model": "cm:plant/trifolium1"},
		{ "predicate": { "damaged": 0,"damage": 0.383333333  }, "model": "cm:plant/blackthorn1"},
		{ "predicate": { "damaged": 0,"damage": 0.400000000  }, "model": "cm:plant/cattail1"},
		{ "predicate": { "damaged": 0,"damage": 0.416666667  }, "model": "cm:plant/marigold1"},
		{ "predicate": { "damaged": 0,"damage": 0.433333333  }, "model": "cm:plant/hibiscus1"},
		{ "predicate": { "damaged": 0,"damage": 0.450000000  }, "model": "cm:plant/hyacinth1"},
		{ "predicate": { "damaged": 0,"damage": 0.466666667  }, "model": "cm:plant/calamus1"},
		{ "predicate": { "damaged": 0,"damage": 0.483333333  }, "model": "cm:plant/wild_lilium1"},
		{ "predicate": { "damaged": 0,"damage": 0.500000000  }, "model": "cm:plant/bauhinia1"},
		{ "predicate": { "damaged": 0,"damage": 0.516666667  }, "model": "cm:plant/fluffy_grass1"},
		{ "predicate": { "damaged": 0,"damage": 0.533333333  }, "model": "cm:plant/gerbera1"},
		{ "predicate": { "damaged": 0,"damage": 0.550000000  }, "model": "cm:plant/esparto1"},
		{ "predicate": { "damaged": 0,"damage": 0.566666667  }, "model": "cm:plant/glow_forsythia1"},
		{ "predicate": { "damaged": 0,"damage": 0.583333333  }, "model": "cm:plant/glazed_shade1"},
		{ "predicate": { "damaged": 0,"damage": 0.600000000  }, "model": "cm:plant/stelera1"},
		{ "predicate": { "damaged": 0,"damage": 0.616666667  }, "model": "cm:plant/forage_crystal1"},
		{ "predicate": { "damaged": 0,"damage": 0.633333333  }, "model": "cm:plant/isorchid1"},
		{ "predicate": { "damaged": 0,"damage": 0.650000000  }, "model": "cm:plant/burning_chrysanthe1"},
		{ "predicate": { "damaged": 0,"damage": 0.666666667  }, "model": "cm:plant/oxalis1"},
		
		{ "predicate": { "damaged": 0,"damage": 0.683333333  }, "model": "cm:plant/lycoris_radiata2"},
		{ "predicate": { "damaged": 0,"damage": 0.700000000  }, "model": "cm:plant/trifolium2"},
		{ "predicate": { "damaged": 0,"damage": 0.716666667  }, "model": "cm:plant/blackthorn2"},
		{ "predicate": { "damaged": 0,"damage": 0.733333333  }, "model": "cm:plant/cattail2"},
		{ "predicate": { "damaged": 0,"damage": 0.750000000  }, "model": "cm:plant/marigold2"},
		{ "predicate": { "damaged": 0,"damage": 0.766666667  }, "model": "cm:plant/hibiscus2"},
		{ "predicate": { "damaged": 0,"damage": 0.783333333  }, "model": "cm:plant/hyacinth2"},
		{ "predicate": { "damaged": 0,"damage": 0.800000000  }, "model": "cm:plant/calamus2"},
		{ "predicate": { "damaged": 0,"damage": 0.816666667  }, "model": "cm:plant/wild_lilium2"},
		{ "predicate": { "damaged": 0,"damage": 0.833333333  }, "model": "cm:plant/bauhinia2"},
		{ "predicate": { "damaged": 0,"damage": 0.850000000  }, "model": "cm:plant/fluffy_grass2"},
		{ "predicate": { "damaged": 0,"damage": 0.866666667  }, "model": "cm:plant/gerbera2"},
		{ "predicate": { "damaged": 0,"damage": 0.883333333  }, "model": "cm:plant/esparto2"},
		{ "predicate": { "damaged": 0,"damage": 0.900000000  }, "model": "cm:plant/glow_forsythia2"},
		{ "predicate": { "damaged": 0,"damage": 0.916666667  }, "model": "cm:plant/glazed_shade2"},
		{ "predicate": { "damaged": 0,"damage": 0.933333333  }, "model": "cm:plant/stelera2"},
		{ "predicate": { "damaged": 0,"damage": 0.950000000  }, "model": "cm:plant/forage_crystal2"},
		{ "predicate": { "damaged": 0,"damage": 0.966666667  }, "model": "cm:plant/isorchid2"},
		{ "predicate": { "damaged": 0,"damage": 0.983333333  }, "model": "cm:plant/burning_chrysanthe2"},
		{ "predicate": { "damaged": 0,"damage": 1.000000000  }, "model": "cm:plant/oxalis2"},
		{ "predicate": { "damaged": 1,"damage": 0 }, "model": "item/wooden_axe"}
	]
}