{
    "parent": "item/handheld",
    "textures": {
        "layer0": "item/wooden_hoe"
    },
	"overrides": [
		{ "predicate": { "damaged": 0,"damage": 0.00 }, "model": "item/wooden_hoe"},
		
		{ "predicate": { "damaged": 0,"damage": 0.01 }, "model": "cm:plant/lycoris_radiata3"},
		{ "predicate": { "damaged": 0,"damage": 0.03 }, "model": "cm:plant/trifolium3"},
		{ "predicate": { "damaged": 0,"damage": 0.05 }, "model": "cm:plant/blackthorn3"},
		{ "predicate": { "damaged": 0,"damage": 0.06 }, "model": "cm:plant/cattail3"},
		{ "predicate": { "damaged": 0,"damage": 0.08 }, "model": "cm:plant/marigold3"},
		{ "predicate": { "damaged": 0,"damage": 0.10 }, "model": "cm:plant/hibiscus3"},
		{ "predicate": { "damaged": 0,"damage": 0.11 }, "model": "cm:plant/hyacinth3"},
		{ "predicate": { "damaged": 0,"damage": 0.13 }, "model": "cm:plant/calamus3"},
		{ "predicate": { "damaged": 0,"damage": 0.15 }, "model": "cm:plant/wild_lilium3"},
		{ "predicate": { "damaged": 0,"damage": 0.16 }, "model": "cm:plant/bauhinia3"},
		
		{ "predicate": { "damaged": 0,"damage": 0.18 }, "model": "cm:plant/fluffy_grass3"},
		{ "predicate": { "damaged": 0,"damage": 0.20 }, "model": "cm:plant/gerbera3"},
		{ "predicate": { "damaged": 0,"damage": 0.21 }, "model": "cm:plant/esparto3"},
		{ "predicate": { "damaged": 0,"damage": 0.23 }, "model": "cm:plant/glow_forsythia3"},
		{ "predicate": { "damaged": 0,"damage": 0.25 }, "model": "cm:plant/glazed_shade3"},
		{ "predicate": { "damaged": 0,"damage": 0.26 }, "model": "cm:plant/stelera3"},
		{ "predicate": { "damaged": 0,"damage": 0.28 }, "model": "cm:plant/forage_crystal3"},
		{ "predicate": { "damaged": 0,"damage": 0.30 }, "model": "cm:plant/isorchid3"},
		{ "predicate": { "damaged": 0,"damage": 0.31 }, "model": "cm:plant/burning_chrysanthe3"},
		{ "predicate": { "damaged": 0,"damage": 0.33 }, "model": "cm:plant/oxalis3"},
		
		{ "predicate": { "damaged": 0,"damage": 0.35 }, "model": "item/wooden_hoe"},
		{ "predicate": { "damaged": 0,"damage": 0.36 }, "model": "cm:machine/low_pressure"},
		{ "predicate": { "damaged": 0,"damage": 0.38 }, "model": "cm:machine/normal_pressure"},
		{ "predicate": { "damaged": 0,"damage": 0.40 }, "model": "cm:machine/high_pressure"},
		{ "predicate": { "damaged": 0,"damage": 0.41 }, "model": "cm:machine/low_temperature"},
		{ "predicate": { "damaged": 0,"damage": 0.43 }, "model": "cm:machine/normal_temperature"},
		{ "predicate": { "damaged": 0,"damage": 0.45 }, "model": "cm:machine/high_temperature"},
		{ "predicate": { "damaged": 0,"damage": 0.46 }, "model": "cm:machine/output_east"},
		{ "predicate": { "damaged": 0,"damage": 0.48 }, "model": "cm:machine/output_south"},
		{ "predicate": { "damaged": 0,"damage": 0.50 }, "model": "cm:machine/output_west"},
		
		{ "predicate": { "damaged": 0,"damage": 0.51 }, "model": "cm:machine/output_north"},
		{ "predicate": { "damaged": 0,"damage": 0.53 }, "model": "cm:machine/output_down"},
		{ "predicate": { "damaged": 0,"damage": 0.55 }, "model": "cm:machine/output_up"},
		
		
		{ "predicate": { "damaged": 0,"damage": 0.70 }, "model": "cm:machine/process_shower0"},
		{ "predicate": { "damaged": 0,"damage": 0.71 }, "model": "cm:machine/process_shower1"},
		{ "predicate": { "damaged": 0,"damage": 0.73 }, "model": "cm:machine/process_shower2"},
		{ "predicate": { "damaged": 0,"damage": 0.75 }, "model": "cm:machine/process_shower3"},
		{ "predicate": { "damaged": 0,"damage": 0.76 }, "model": "cm:machine/process_shower4"},
		{ "predicate": { "damaged": 0,"damage": 0.78 }, "model": "cm:machine/process_shower5"},
		{ "predicate": { "damaged": 0,"damage": 0.80 }, "model": "cm:machine/process_shower6"},
		{ "predicate": { "damaged": 0,"damage": 0.81 }, "model": "cm:machine/process_shower7"},
		{ "predicate": { "damaged": 0,"damage": 0.83 }, "model": "cm:machine/process_shower8"},
		{ "predicate": { "damaged": 0,"damage": 0.85 }, "model": "cm:machine/output_up"},
		{ "predicate": { "damaged": 0,"damage": 0.86 }, "model": "item/wooden_hoe"},
		{ "predicate": { "damaged": 0,"damage": 0.88 }, "model": "item/wooden_hoe"},
		{ "predicate": { "damaged": 0,"damage": 0.90 }, "model": "item/wooden_hoe"},
		{ "predicate": { "damaged": 0,"damage": 0.91 }, "model": "item/wooden_hoe"},
		
		{ "predicate": { "damaged": 0,"damage": 0.93 }, "model": "item/wooden_hoe"},
		{ "predicate": { "damaged": 0,"damage": 0.95 }, "model": "item/wooden_hoe"},
		{ "predicate": { "damaged": 0,"damage": 0.96 }, "model": "item/wooden_hoe"},
		{ "predicate": { "damaged": 0,"damage": 0.98 }, "model": "cm:empty"},
		{ "predicate": { "damaged": 1,"damage": 0 }, "model": "item/wooden_hoe"}
	]
}