{
	"parent": "block/block",
    "display": {
        "gui": {
            "rotation": [ 0, 180, 0 ],
            "scale": [ 1, 1, 1 ]
        }
    },
	"textures": {
		"empty": "cm:decor/empty",
		"front": "cm:decor/lash"
	},
	"elements": [
		{   "from": [ 1.63, 1.65, 1.5 ],
			"to": [ 14.37, 14.35, 2 ],
			"faces": {
				"down":  { "uv": [ 0, 0, 16, 16 ], "texture": "#empty", "cullface": "down" },
				"up":	{ "uv": [ 0, 0, 16, 16 ], "texture": "#empty" },
				"north": { "uv": [ 0, 0, 16, 16 ], "texture": "#front", "cullface": "north" },
				"south": { "uv": [ 0, 0, 16, 16 ], "texture": "#empty", "cullface": "south" },
				"west":  { "uv": [ 0, 0, 16, 16 ], "texture": "#empty", "cullface": "west" },
				"east":  { "uv": [ 0, 0, 16, 16 ], "texture": "#empty", "cullface": "east" }
			}
		}
	]
}
