{
	"parent": "block/block",
    "display": {
        "gui": {
            "rotation": [ 0, 180, 0 ],
            "scale": [ 1, 1, 1 ]
        }
    },
	"textures": {
		"down": "cm:decor/empty",
		"front": "cm:decor/orange_framed_glasses_front",
		"back": "cm:decor/empty",
		"left": "cm:decor/orange_framed_glasses_left",
		"right": "cm:decor/orange_framed_glasses_right",
		"top": "cm:decor/empty"
	},
	"elements": [
		{   "from": [ 1.2, 1.6, 1.5 ],
			"to": [ 14.8, 14.4, 14.5 ],
			"faces": {
				"down":  { "uv": [ 0, 0, 16, 16 ], "texture": "#down", "cullface": "down" },
				"up":	{ "uv": [ 0, 0, 16, 16 ], "texture": "#top" },
				"north": { "uv": [ 0, 0, 16, 16 ], "texture": "#front", "cullface": "north" },
				"south": { "uv": [ 0, 0, 16, 16 ], "texture": "#back", "cullface": "south" },
				"west":  { "uv": [ 0, 0, 16, 16 ], "texture": "#left", "cullface": "west" },
				"east":  { "uv": [ 0, 0, 16, 16 ], "texture": "#right", "cullface": "east" }
			}
		}
	]
}
