{
	"parent": "block/cube_column",
	"textures": {
		"end": "block/oak_planks"
    },
	"display": {
        "thirdperson_righthand": {
            "rotation": [ 80, 45, 6 ],
            "translation": [ 1.13, -0.8, -1.13],
            "scale": [ 0.42, 0.42, 0.42 ]
        },
        "thirdperson_lefthand": {
            "rotation": [ 90, 180, 0 ],
            "translation": [ -6, -2, -12 ],
            "scale": [ 2, 2, 2.001 ]
        },
        "firstperson_lefthand": {
            "rotation": [ 5, 225, 6 ],
            "translation": [ 1.13, -0.8, -1.13],
            "scale": [ 0.42, 0.42, 0.42 ]
        },
        "firstperson_righthand": {
            "rotation": [ 5, 45, 6 ],
            "translation": [ 1.13, -0.8, -1.13],
            "scale": [ 0.42, 0.42, 0.42 ]
        },
        "gui": {
            "rotation": [ 30, -135, 0 ],
            "translation": [ 0, 0, 0],
			"scale":[0.65,0.65,0.65]
        },
        "ground": {
            "rotation": [ 0, 0, 0 ],
            "translation": [ 0, 3, 0],
            "scale":[ 0.25, 0.25, 0.25 ]
        },
        "fixed": {
            "rotation": [ 0, 0, 0 ],
            "translation": [ 0, -4, 0],
            "scale":[ 0.5, 0.5, 0.5 ]
        }
    }
}

