{
    "__comment": "作者：折君，使用 MrCrayfish's Model Creator (http://mrcrayfish.com/modelcreator/) 生成",
    "textures": {
        "0": "cm:tool/elder_book"
    },
    "elements": [
        {
            "name": "Cube",
            "from": [ 4.0, 2.0, 3.0 ], 
            "to": [ 4.5, 3.0, 13.0 ], 
            "faces": {
                "north": { "texture": "#0", "uv": [ 0.0, 0.0, 0.5, 1.0 ] },
                "east": { "texture": "#0", "uv": [ 0.0, 0.0, 8.0, 1.0 ] },
                "south": { "texture": "#0", "uv": [ 0.0, 0.0, 0.5, 1.0 ] },
                "west": { "texture": "#0", "uv": [ 0.0, 0.0, 8.0, 1.0 ] },
                "up": { "texture": "#0", "uv": [ 0.0, 0.0, 0.5, 10.0 ] },
                "down": { "texture": "#0", "uv": [ 0.0, 0.0, 0.5, 10.0 ] }
            }
        },
        {
            "name": "Cube",
            "from": [ 4.0, 3.0, 3.0 ], 
            "to": [ 4.5, 4.0, 13.0 ], 
            "rotation": { "origin": [ 4.0, 3.0, 8.0 ], "axis": "z", "angle": -22.5 },
            "faces": {
                "north": { "texture": "#0", "uv": [ 0.0, 0.0, 0.5, 1.0 ] },
                "east": { "texture": "#0", "uv": [ 0.0, 0.0, 8.0, 1.0 ] },
                "south": { "texture": "#0", "uv": [ 0.0, 0.0, 0.5, 1.0 ] },
                "west": { "texture": "#0", "uv": [ 0.0, 0.0, 8.0, 1.0 ] },
                "up": { "texture": "#0", "uv": [ 0.0, 0.0, 0.5, 10.0 ] },
                "down": { "texture": "#0", "uv": [ 0.0, 0.0, 0.5, 10.0 ] }
            }
        },
        {
            "name": "Cube",
            "from": [ 4.0, 1.0, 3.0 ], 
            "to": [ 4.5, 2.0, 13.0 ], 
            "rotation": { "origin": [ 4.0, 2.0, 8.0 ], "axis": "z", "angle": 22.5 },
            "faces": {
                "north": { "texture": "#0", "uv": [ 0.0, 0.0, 0.5, 1.0 ] },
                "east": { "texture": "#0", "uv": [ 0.0, 0.0, 8.0, 1.0 ] },
                "south": { "texture": "#0", "uv": [ 0.0, 0.0, 0.5, 1.0 ] },
                "west": { "texture": "#0", "uv": [ 0.0, 0.0, 8.0, 1.0 ] },
                "up": { "texture": "#0", "uv": [ 0.0, 0.0, 0.5, 10.0 ] },
                "down": { "texture": "#0", "uv": [ 0.0, 0.0, 0.5, 10.0 ] }
            }
        },
        {
            "name": "Cube",
            "from": [ 4.4, 1.0, 3.0 ], 
            "to": [ 12.4, 1.5, 13.0 ], 
            "faces": {
                "north": { "texture": "#0", "uv": [ 0.0, 0.0, 8.0, 0.5 ] },
                "east": { "texture": "#0", "uv": [ 0.0, 0.0, 8.0, 0.5 ] },
                "south": { "texture": "#0", "uv": [ 0.0, 0.0, 8.0, 0.5 ] },
                "west": { "texture": "#0", "uv": [ 0.0, 0.0, 8.0, 0.5 ] },
                "up": { "texture": "#0", "uv": [ 0.0, 0.0, 8.0, 10.0 ] },
                "down": { "texture": "#0", "uv": [ 8.0, 10.0, 0.0, 0.0 ] }
            }
        },
        {
            "name": "Cube",
            "from": [ 4.4, 1.5, 3.5 ], 
            "to": [ 11.9, 3.5, 12.5 ], 
            "faces": {
                "north": { "texture": "#0", "uv": [ 8.0, 3.0, 15.5, 8.0 ] },
                "east": { "texture": "#0", "uv": [ 8.0, 3.0, 16.0, 8.0 ] },
                "south": { "texture": "#0", "uv": [ 8.0, 3.0, 15.5, 8.0 ] },
                "west": { "texture": "#0", "uv": [ 8.0, 3.0, 16.0, 8.0 ] },
                "up": { "texture": "#0", "uv": [ 8.0, 0.0, 15.5, 3.0 ] },
                "down": { "texture": "#0", "uv": [ 8.0, 0.0, 15.5, 3.0 ] }
            }
        },
        {
            "name": "Cube",
            "from": [ 4.4, 3.5, 3.0 ], 
            "to": [ 12.4, 4.0, 13.0 ], 
            "faces": {
                "north": { "texture": "#0", "uv": [ 0.0, 0.0, 8.0, 0.5 ] },
                "east": { "texture": "#0", "uv": [ 0.0, 0.0, 8.0, 0.5 ] },
                "south": { "texture": "#0", "uv": [ 0.0, 0.0, 8.0, 0.5 ] },
                "west": { "texture": "#0", "uv": [ 0.0, 0.0, 8.0, 0.5 ] },
                "up": { "texture": "#0", "uv": [ 0.0, 0.0, 8.0, 10.0 ] },
                "down": { "texture": "#0", "uv": [ 8.0, 10.0, 0.0, 0.0 ] }
            }
        }
    ],
   "display": {
        "gui": {
            "rotation": 	[ 75, -25, 25 ],
            "translation": 	[ -3.5, 3.5, 0],
            "scale":		[ 1.3, 1.3, 1.3 ]
        },
        "ground": {
			"rotation": 	[ 0, 0, 0 ],
			"translation": 	[ 0, 5, 0 ],
			"scale": 		[ 1, 1, 1 ]
        },
        "fixed": {
			"rotation": 	[ 90, 180, 0 ],
			"translation": 	[ 0, 0, 5 ],
			"scale": 		[ 1.2, 1.2, 1.2 ]
        },
		"head": {
            "rotation": 	[ 0, 180, 0 ],
            "translation": 	[ 0, 13.2, 0],
            "scale":		[ 1.1, 1.1, 1.1]
        },
        "thirdperson_righthand": {
            "rotation": 	[ 100, 0, 0 ],
            "translation": 	[ 0, 2.5, 4.5 ],
            "scale": 		[ 0.7, 0.7, 0.7 ]
        },
        "firstperson_righthand": {
            "rotation": 	[ 75, -20, 65 ],
            "translation": 	[ -3.5, 4.5, 0],
            "scale": 		[ 0.8, 0.8, 0.8 ]
        }
    }
}